<?xml version="1.0" encoding="UTF-8"?>
<project-private xmlns="http://www.netbeans.org/ns/project-private/1">
    <editor-bookmarks xmlns="http://www.netbeans.org/ns/editor-bookmarks/2" lastBookmarkId="0"/>
    <open-files xmlns="http://www.netbeans.org/ns/projectui-open-files/2">
        <group>
            <file>file:/C:/Users/david/OneDrive/Documentos/NetBeansProjects/Practica7/src/practica7/RunPractica7.java</file>
            <file>file:/C:/Users/david/OneDrive/Documentos/NetBeansProjects/Practica7/src/Transportes/Transporte.java</file>
            <file>file:/C:/Users/david/OneDrive/Documentos/NetBeansProjects/Practica7/src/Transportes/Operable.java</file>
            <file>file:/C:/Users/david/OneDrive/Documentos/NetBeansProjects/Practica7/src/Excepciones/CapacidadExcedidaException.java</file>
            <file>file:/C:/Users/david/OneDrive/Documentos/NetBeansProjects/Practica7/src/Tipos/TransporteMaritimo.java</file>
            <file>file:/C:/Users/david/OneDrive/Documentos/NetBeansProjects/Practica7/src/Tipos/TransporteTerrestre.java</file>
            <file>file:/C:/Users/david/OneDrive/Documentos/NetBeansProjects/Practica7/src/Tipos/TransporteAereo.java</file>
            <file>file:/C:/Users/david/OneDrive/Documentos/NetBeansProjects/Practica7/src/Tipos/TransporteFerroviario.java</file>
            <file>file:/C:/Users/david/OneDrive/Documentos/NetBeansProjects/Practica7/src/README.md</file>
        </group>
    </open-files>
</project-private>
