<?xml version="1.0" encoding="UTF-8"?>
<project-private xmlns="http://www.netbeans.org/ns/project-private/1">
    <editor-bookmarks xmlns="http://www.netbeans.org/ns/editor-bookmarks/2" lastBookmarkId="0"/>
    <open-files xmlns="http://www.netbeans.org/ns/projectui-open-files/2">
        <group>
            <file>file:/C:/Users/david/OneDrive/Documentos/NetBeansProjects/agenda-servlet-mvc/src/java/com/ejemplo/agenda/util/DB.java</file>
            <file>file:/C:/Users/david/OneDrive/Documentos/NetBeansProjects/agenda-servlet-mvc/src/java/com/ejemplo/agenda/model/Contacto.java</file>
            <file>file:/C:/Users/david/OneDrive/Documentos/NetBeansProjects/agenda-servlet-mvc/src/java/com/ejemplo/agenda/dao/ContactoDAO.java</file>
            <file>file:/C:/Users/david/OneDrive/Documentos/NetBeansProjects/agenda-servlet-mvc/src/java/com/ejemplo/agenda/web/ContactoServlet.java</file>
            <file>file:/C:/Users/david/OneDrive/Documentos/NetBeansProjects/agenda-servlet-mvc/web/views/form.jsp</file>
            <file>file:/C:/Users/david/OneDrive/Documentos/NetBeansProjects/agenda-servlet-mvc/web/views/lista.jsp</file>
            <file>file:/C:/Users/david/OneDrive/Documentos/NetBeansProjects/agenda-servlet-mvc/web/index.html</file>
            <file>file:/C:/Users/david/OneDrive/Documentos/NetBeansProjects/agenda-servlet-mvc/src/java/com/ejemplo/agenda/TestConexion.java</file>
            <file>file:/C:/Users/david/OneDrive/Documentos/NetBeansProjects/agenda-servlet-mvc/src/java/com/ejemplo/agenda/dao/ContactoDAOImpl.java</file>
            <file>file:/C:/Users/david/OneDrive/Documentos/NetBeansProjects/agenda-servlet-mvc/web/views/editar.jsp</file>
        </group>
    </open-files>
</project-private>
