<?xml version="1.0" encoding="UTF-8"?>
<project-private xmlns="http://www.netbeans.org/ns/project-private/1">
    <editor-bookmarks xmlns="http://www.netbeans.org/ns/editor-bookmarks/2" lastBookmarkId="0"/>
    <open-files xmlns="http://www.netbeans.org/ns/projectui-open-files/2">
        <group>
            <file>file:/C:/Users/david/OneDrive/Documentos/NetBeansProjects/Practica5/src/practica5/RunPractica5.java</file>
            <file>file:/C:/Users/david/OneDrive/Documentos/NetBeansProjects/Practica5/src/animales/Animal.java</file>
            <file>file:/C:/Users/david/OneDrive/Documentos/NetBeansProjects/Practica5/src/animales/IAcuatico.java</file>
            <file>file:/C:/Users/david/OneDrive/Documentos/NetBeansProjects/Practica5/src/animales/IVolar.java</file>
            <file>file:/C:/Users/david/OneDrive/Documentos/NetBeansProjects/Practica5/src/animales/ITerrestre.java</file>
            <file>file:/C:/Users/david/OneDrive/Documentos/NetBeansProjects/Practica5/src/animales/Delfin.java</file>
            <file>file:/C:/Users/david/OneDrive/Documentos/NetBeansProjects/Practica5/src/animales/Aguila.java</file>
            <file>file:/C:/Users/david/OneDrive/Documentos/NetBeansProjects/Practica5/src/animales/Perro.java</file>
        </group>
    </open-files>
</project-private>
