<?xml version="1.0" encoding="UTF-8"?>
<project-private xmlns="http://www.netbeans.org/ns/project-private/1">
    <editor-bookmarks xmlns="http://www.netbeans.org/ns/editor-bookmarks/2" lastBookmarkId="0"/>
    <open-files xmlns="http://www.netbeans.org/ns/projectui-open-files/2">
        <group>
            <file>file:/C:/Users/david/OneDrive/Documentos/NetBeansProjects/Practica6_1/src/practica6/AutoElectrico.java</file>
            <file>file:/C:/Users/david/OneDrive/Documentos/NetBeansProjects/Practica6_1/src/practica6/RunPractica6.java</file>
            <file>file:/C:/Users/david/OneDrive/Documentos/NetBeansProjects/Practica6_1/src/practica6/VHibrido.java</file>
            <file>file:/C:/Users/david/OneDrive/Documentos/NetBeansProjects/Practica6_1/src/tipoDeMotor/ICombustion.java</file>
            <file>file:/C:/Users/david/OneDrive/Documentos/NetBeansProjects/Practica6_1/src/tipoDeMotor/IElectrico.java</file>
            <file>file:/C:/Users/david/OneDrive/Documentos/NetBeansProjects/Practica6_1/src/tipoDeMotor/IVolar.java</file>
            <file>file:/C:/Users/david/OneDrive/Documentos/NetBeansProjects/Practica6_1/src/transporte/Vehiculo.java</file>
            <file>file:/C:/Users/david/OneDrive/Documentos/NetBeansProjects/Practica6_1/src/practica6/AutoCombustion.java</file>
            <file>file:/C:/Users/david/OneDrive/Documentos/NetBeansProjects/Practica6_1/src/practica6/Avion.java</file>
        </group>
    </open-files>
</project-private>
